"product_id","tipo","product_name","ref_tipo","ref_bd","nota"
"02102","","02102 (RI-757/60 PP CAVITATED TC8 AP901 WG62..)xx","Master","RITRAMA/RITRAMA3/TEST","verificado: el mismo Product_ID está marcado Master en RITRAMA/RITRAMA3/TEST => no se reclasifica"
"02107","","RI-837/85 Pe Gloss White TC8 AP901 WG62","Master","RITRAMA/RITRAMA3/TEST","verificado: el mismo Product_ID está marcado Master en RITRAMA/RITRAMA3/TEST => no se reclasifica"
"03000","","producto x","","","producto de PRUEBA de la app (descripcion: PRODUCTO TEST DE LA APP); no existe en los catalogos. No hace nada"
"03838","","03838 (RI-707/50 PP GLOSS CLEAR TC8 AP901 WG62..)","Master","RITRAMA/TEST","verificado: el mismo Product_ID está marcado Master en RITRAMA/TEST => no se reclasifica"
"05317","","05317 (05317 RI-757/60 PP GLOSS WHITE CAVITATED TC8 AR801 WG62  )","Master","RITRAMA/RITRAMA3/TEST","verificado: el mismo Product_ID está marcado Master en RITRAMA/RITRAMA3/TEST => no se reclasifica"
"06007","","06007 (Coated 80 Premium FSC SH9020 WG60)","Master","RITRAMA/RITRAMA3/TEST","verificado: el mismo Product_ID está marcado Master en RITRAMA/RITRAMA3/TEST => no se reclasifica"
"06010","","06010 (Papel Metalizado plata brillo AP903 W60..)","Master","RITRAMA/RITRAMA3/TEST","verificado: el mismo Product_ID está marcado Master en RITRAMA/RITRAMA3/TEST => no se reclasifica"
"06011","","06011 (CAST GLOSS FSC SH9020 WG60)","Master","RITRAMA/RITRAMA3/TEST","verificado: el mismo Product_ID está marcado Master en RITRAMA/RITRAMA3/TEST => no se reclasifica"
"06222","","06222 (RI-757/60 PP CAVITATED TC8 AP903 WG62..)","Master","RITRAMA/RITRAMA3/TEST","verificado: el mismo Product_ID está marcado Master en RITRAMA/RITRAMA3/TEST => no se reclasifica"
"06422","","06422 (Aconcagua Martele White 90GR AP903 WG60-Papel..)","Master","RITRAMA/RITRAMA3","verificado: el mismo Product_ID está marcado Master en RITRAMA/RITRAMA3 => no se reclasifica"
"06758","","Top Transfer Premium FSC AP904 WG55","Master","RITRAMA/RITRAMA3/TEST","verificado: el mismo Product_ID está marcado Master en RITRAMA/RITRAMA3/TEST => no se reclasifica"
"06770","","Coated 80 AP904 SK60","Master","RITRAMA/RITRAMA3/TEST","verificado: el mismo Product_ID está marcado Master en RITRAMA/RITRAMA3/TEST => no se reclasifica"
"07031","","Papel Metalizado Plata brillo FSC AP904 PET30","Master","RITRAMA/RITRAMA3/TEST","verificado: el mismo Product_ID está marcado Master en RITRAMA/RITRAMA3/TEST => no se reclasifica"
"07358","","RI-7526/60 PP CAVITATED TC8 AP901 WG60","Master","RITRAMA/RITRAMA3/TEST","verificado: el mismo Product_ID está marcado Master en RITRAMA/RITRAMA3/TEST => no se reclasifica"
"07522","","07522 (RI-717/50 PP Gloss Silver TC8 AP901 WG62..)","Master","RITRAMA/RITRAMA3/TEST","verificado: el mismo Product_ID está marcado Master en RITRAMA/RITRAMA3/TEST => no se reclasifica"
"07656","","SEMIGLOSS FSC AR805 WK85 RIT/GRY","Master","RITRAMA/RITRAMA3/TEST","verificado: el mismo Product_ID está marcado Master en RITRAMA/RITRAMA3/TEST => no se reclasifica"
"07758","","TOP TRANSFER PREMIUM AR805 SK60","Master","RITRAMA/RITRAMA3/TEST","verificado: el mismo Product_ID está marcado Master en RITRAMA/RITRAMA3/TEST => no se reclasifica"
"07836","","07836 (Thermal top AP-903 WG56....)","Master","RITRAMA/RITRAMA3/TEST","verificado: el mismo Product_ID está marcado Master en RITRAMA/RITRAMA3/TEST => no se reclasifica"
"07875","","Litho AP1009 SK60 o WG56","Master","RITRAMA/RITRAMA3/TEST","verificado: el mismo Product_ID está marcado Master en RITRAMA/RITRAMA3/TEST => no se reclasifica"
"07879","","07879 (RI-757/60 PP CAVITATED DGT AP901 WG62)","Master","RITRAMA/RITRAMA3/TEST","verificado: el mismo Product_ID está marcado Master en RITRAMA/RITRAMA3/TEST => no se reclasifica"
"07979","","07979 (Rapidjet Matt Inkjet Paper AP904 WG62......)","Master","RITRAMA/RITRAMA3/TEST","verificado: el mismo Product_ID está marcado Master en RITRAMA/RITRAMA3/TEST => no se reclasifica"
"08044","","08044 (Rapidjet Gloss Clear PP TC AP901 WG62)","Master","RITRAMA/TEST","verificado: el mismo Product_ID está marcado Master en RITRAMA/TEST => no se reclasifica"
"08045","","PP GLOSS WHITE WB JET / AP901 / WG62","Master","RITRAMA/RITRAMA3/TEST","verificado: el mismo Product_ID está marcado Master en RITRAMA/RITRAMA3/TEST => no se reclasifica"
"08046","","08046 (RI-7526/70 PP MATT WHITE TC  AP901 SK60..)","Master","RITRAMA/RITRAMA3/TEST","verificado: el mismo Product_ID está marcado Master en RITRAMA/RITRAMA3/TEST => no se reclasifica"
"08051","","08051 (Coated 80 DGT AP903 WG56)","Master","RITRAMA/RITRAMA3/TEST","verificado: el mismo Product_ID está marcado Master en RITRAMA/RITRAMA3/TEST => no se reclasifica"
"08886","","08886 (Thermal Easytop AP-903 SK60....)","Master","RITRAMA/RITRAMA3/TEST","verificado: el mismo Product_ID está marcado Master en RITRAMA/RITRAMA3/TEST => no se reclasifica"
"08923","","RI-7093/60 PP GLOSS WHITE TC8 AP903 PET30","Master","RITRAMA/RITRAMA3/TEST","verificado: el mismo Product_ID está marcado Master en RITRAMA/RITRAMA3/TEST => no se reclasifica"
"10225","","Top Transfer Premium AP1009 SK60","Master","RITRAMA/RITRAMA3/TEST","verificado: el mismo Product_ID está marcado Master en RITRAMA/RITRAMA3/TEST => no se reclasifica"
"10823","","10823 (Thermal PP 90 White AP1009 WG62......)","Master","RITRAMA/RITRAMA3/TEST","verificado: el mismo Product_ID está marcado Master en RITRAMA/RITRAMA3/TEST => no se reclasifica"
"10955","","PP TCX GLOSS WHITE CAV 60 / RP1101 / WG62","Master","RITRAMA/RITRAMA3/TEST","verificado: el mismo Product_ID está marcado Master en RITRAMA/RITRAMA3/TEST => no se reclasifica"
"11299","","11299 (Coated MATT WB Jet FSC P1000 WG62 (Rapidjet))","Master","RITRAMA/RITRAMA3/TEST","verificado: el mismo Product_ID está marcado Master en RITRAMA/RITRAMA3/TEST => no se reclasifica"
"11300","","11300 (RAPIDJET GLOSS INKJET PAPER AP904 WG 62)","Master","RITRAMA/RITRAMA3/TEST","verificado: el mismo Product_ID está marcado Master en RITRAMA/RITRAMA3/TEST => no se reclasifica"
"11605","","11605 ( Thermal PP 90 White AP903 Plus WG60  )","Master","RITRAMA/RITRAMA3/TEST","verificado: el mismo Product_ID está marcado Master en RITRAMA/RITRAMA3/TEST => no se reclasifica"
"11719","","FLUORO PINK AP904  SK62..","Master","RITRAMA/RITRAMA3/TEST","verificado: el mismo Product_ID está marcado Master en RITRAMA/RITRAMA3/TEST => no se reclasifica"
"11762","","FLUOR ORANGE FSC™ / P1000 / WG62 FSC","Master","RITRAMA/RITRAMA3/TEST","verificado: el mismo Product_ID está marcado Master en RITRAMA/RITRAMA3/TEST => no se reclasifica"
"11784","","FLUOR YELLOW FSC™ / P1000 / WG62","Master","RITRAMA/TEST","verificado: el mismo Product_ID está marcado Master en RITRAMA/TEST => no se reclasifica"
"12160","","Natural Kraft Brown FSC AP904 WK80","Master","RITRAMA3","verificado: el mismo Product_ID está marcado Master en RITRAMA3 => no se reclasifica"
"12450","","ACONCAGUA MARTELE WHITE H+O WS FSC SH9020 WG60","Master","RITRAMA/RITRAMA3","verificado: el mismo Product_ID está marcado Master en RITRAMA/RITRAMA3 => no se reclasifica"
"12629","","COATED 80 FSC™ / RP3000 / WG62","Master","RITRAMA/RITRAMA3/TEST","verificado: el mismo Product_ID está marcado Master en RITRAMA/RITRAMA3/TEST => no se reclasifica"
"12803","","THERMAL TOP HS FSC™ / RF20 / YG60 FSC","Master","RITRAMA/RITRAMA3/TEST","verificado: el mismo Product_ID está marcado Master en RITRAMA/RITRAMA3/TEST => no se reclasifica"
"13037","","METALVAC SILVER FSC™ / P1000 / PET30","Master","RITRAMA/RITRAMA3","verificado: el mismo Product_ID está marcado Master en RITRAMA/RITRAMA3 => no se reclasifica"
"13473","","PP TCX GLOSS CLEAR 50 / AP901 / PET30","Master","RITRAMA3","verificado: el mismo Product_ID está marcado Master en RITRAMA3 => no se reclasifica"
"14229","","14229 (COATED DT FSC / AP903 / 40#)","","","DUDA de negocio: sin fila en RITRAMA/TEST/RITRAMA3 y el formato 40# se vende en resma, pero la app solo lo usa en rollo. Sigue Master hasta que lo confirme Produccion"
"14240","","14240 (54# SEMIGLOSS A FSC / AP999 / 40#)","","","DUDA de negocio: idem 14229 (54# / 40#), sin fila en los catalogos. Sigue Master hasta que lo confirme Produccion"
"14750","","COATED 80 FSC / FH05 / WG55 - 80g Art paper FSC/ Hot melt/white glassine FSC","Master","RITRAMA/RITRAMA3","verificado: el mismo Product_ID está marcado Master en RITRAMA/RITRAMA3 => no se reclasifica"
"14753","","COATED 80 FSC / AP409 / WG55 -  80g Art paper FSC/ Acrylic adhesive/white glassine FSC","Master","RITRAMA/RITRAMA3","verificado: el mismo Product_ID está marcado Master en RITRAMA/RITRAMA3 => no se reclasifica"
"17381","","17381 (BOPP BLANCO MATE 3.2 INKJET MIL ADHESIVO ACRILICO R. SCK","Master","RITRAMA/RITRAMA3/TEST","verificado: el mismo Product_ID está marcado Master en RITRAMA/RITRAMA3/TEST => no se reclasifica"
"3010066106","","Vellum SC FSC / P1000 / YG60","","","sin fila en los catalogos; es un rollo autoadhesivo (P1000 + YG60) => Master"
"303000PU07","","COATED PREMIUM 80 FSC SH6020 PLUS / PET30","Master","RITRAMA3","verificado: el mismo Product_ID está marcado Master en RITRAMA3 => no se reclasifica"
"3932732U08","","RI-MOVE GLASS VACUUM METAL LUX-BRIGHT SILVER / RH4000 / PET30","Master","RITRAMA/RITRAMA3/TEST","verificado: el mismo Product_ID está marcado Master en RITRAMA/RITRAMA3/TEST => no se reclasifica"
"803001T194","","COATED 80 FSC™ / FH21 / YG60","Master","RITRAMA/RITRAMA3/TEST","verificado: el mismo Product_ID está marcado Master en RITRAMA/RITRAMA3/TEST => no se reclasifica"
"842001T177","","THERMAL TOP FSC FH21 / YG60 PDT0268","","","sin fila en los catalogos; es un rollo autoadhesivo (FH21 + YG60) => Master"
"B0711","","Ipanema Embossed Cream FSC SH9020 CB80 Solid Imprint","Master","RITRAMA/RITRAMA3","verificado: el mismo Product_ID está marcado Master en RITRAMA/RITRAMA3 => no se reclasifica"
"B0952","","B0952 (Fluor Green FSC / AP904 / WG55 ... )","Master","RITRAMA/TEST","verificado: el mismo Product_ID está marcado Master en RITRAMA/TEST => no se reclasifica"
"B0954","","B0954 (Fluor Red FSC / AP904 / WG55 Solid Imprint)","Master","RITRAMA/TEST","verificado: el mismo Product_ID está marcado Master en RITRAMA/TEST => no se reclasifica"
"B0955","","FLUOR YELLOW FSC AP904 WG55 SOLID-IMPRIT","Master","RITRAMA/RITRAMA3/TEST","verificado: el mismo Product_ID está marcado Master en RITRAMA/RITRAMA3/TEST => no se reclasifica"
"B0985","","Bagasse Meringue Ultra WS FSC SH9020 CB74","Master","RITRAMA/RITRAMA3/TEST","verificado: el mismo Product_ID está marcado Master en RITRAMA/RITRAMA3/TEST => no se reclasifica"
"B1009","","B1009 (VACUUM METAL SILVER LUX FSC / SH9020 / WG55 …)","","","sin fila en los catalogos; la familia VACUUM METAL esta toda como Master en ellos => Master"
"B1057","","COATED SNOW MATT FSC SH9020 CB74 SOLID-IMPRINT","Master","RITRAMA3","verificado: el mismo Product_ID está marcado Master en RITRAMA3 => no se reclasifica"
"B1067","","TRANSFER PLUS FSC AP903 PLUS SCK55","Master","RITRAMA/RITRAMA3","verificado: el mismo Product_ID está marcado Master en RITRAMA/RITRAMA3 => no se reclasifica"
"B5223","","4-RL2D-07131PT PP CAV TC8 GT AP901 PET23 BR","Master","RITRAMA3","verificado: el mismo Product_ID está marcado Master en RITRAMA3 => no se reclasifica"
"C40001T206","","TRANSFER PREMIUM FSC™ / FH21 / WG62","Master","RITRAMA/RITRAMA3/TEST","verificado: el mismo Product_ID está marcado Master en RITRAMA/RITRAMA3/TEST => no se reclasifica"
"D030229511","","FREELIFE MERIDA WHITE WS FSC SH6020 PLUS / WG80","Master","RITRAMA3","verificado: el mismo Product_ID está marcado Master en RITRAMA3 => no se reclasifica"
"D462766U08","","VACUUM METAL SILVER FSC™ / P1000 / PET30","Master","RITRAMA/RITRAMA3/TEST","verificado: el mismo Product_ID está marcado Master en RITRAMA/RITRAMA3/TEST => no se reclasifica"
"D726429515","","ISPIRA BIANCO PUREZZA ULTRA WS","Master","RITRAMA/RITRAMA3","verificado: el mismo Product_ID está marcado Master en RITRAMA/RITRAMA3 => no se reclasifica"
"G150029520","","SUPERMATT ULTRA WS FSC SH6020 PLUS / WG80","Master","RITRAMA3","verificado: el mismo Product_ID está marcado Master en RITRAMA3 => no se reclasifica"
"G555129511","","ACQUERELLO AVORIO WS FSC SH6020 PLUS / WG80","Master","RITRAMA/RITRAMA3","verificado: el mismo Product_ID está marcado Master en RITRAMA/RITRAMA3 => no se reclasifica"
"G556429511","","ACQUERELLO BIANCO WS FSC SH6020 PLUS / WG80","Master","RITRAMA/RITRAMA3","verificado: el mismo Product_ID está marcado Master en RITRAMA/RITRAMA3 => no se reclasifica"
